City,Industry,Business Name,Full Address,Phone,Status,Confidence,Source Provider,Source URL,Social Profile,Evidence Trail
"London","Bakeries","Tachbrook Bakery & Patisserie","101 Tachbrook Street, London, SW1V 2QA","","Confirmed no website","medium","OpenStreetMap","https://www.openstreetmap.org/node/275402055","","Source record: no website tag in source database; Web search top-10: 4 non-directory results inspected, no match; Web search query 2 ('tachbrook bakery patisserie SW1V 2QA'): verified 0 matches; Domain guess: 24 candidates tested (tachbrookbakerypatisserie.co.uk, tachbrookbakerypatisserie.uk, tachbrookbakerypatisserie.com, tachbrookbakerypatisserie.org.uk, tachbrookbakerypatisserie.org, thetachbrookbakerypatisserie.co.uk), none resolve via DNS; Wayback CDX: No historical snapshots found for tachbrookbakerypatisserie.co.uk, tachbrookbakerypatisserie.uk, tachbrookbakerypatisserie.com; Social check: searched 'Tachbrook Bakery & Patisserie London facebook', no profile found; Phone search: phone number absent, skipped"
"London","Bakeries","Gozde Bakery","110 Stoke Newington High Street, London, N16 7NY","","Confirmed no website","medium","OpenStreetMap","https://www.openstreetmap.org/node/369975046","","Source record: no website tag in source database; Web search top-10: 7 non-directory results inspected, no match; Web search query 2 ('gozde bakery N16 7NY'): verified 0 matches; Domain guess: 24 candidates tested (gozdebakery.co.uk, gozdebakery.uk, gozdebakery.com, gozdebakery.org.uk, gozdebakery.org, thegozdebakery.co.uk), none resolve via DNS; Wayback CDX: No historical snapshots found for gozdebakery.co.uk, gozdebakery.uk, gozdebakery.com; Social check: searched 'Gozde Bakery London facebook', no profile found; Phone search: phone number absent, skipped"
"London","Bakeries","La Martins Bakery","12 Swanscombe Road, London","+44 20 3266 0007","Confirmed no website","high","OpenStreetMap","https://www.openstreetmap.org/node/392374817","","Source record: no website tag in source database; Web search top-10: 7 non-directory results inspected, no match; Domain guess: 24 candidates tested (lamartinsbakery.co.uk, lamartinsbakery.uk, lamartinsbakery.com, lamartinsbakery.org.uk, lamartinsbakery.org, thelamartinsbakery.co.uk), none resolve via DNS; Wayback CDX: No historical snapshots found for lamartinsbakery.co.uk, lamartinsbakery.uk, lamartinsbakery.com; Social check: searched 'La Martins Bakery London facebook', no profile found; Phone search: 0 non-directory results tested, no business match"
"London","Bakeries","Rithi Home Bakery","47b High Street, Bromley, BR1 1LE","","Confirmed no website","medium","OpenStreetMap","https://www.openstreetmap.org/node/420783193","","Source record: no website tag in source database; Web search top-10: 8 non-directory results inspected, no match; Web search query 2 ('rithi home bakery BR1 1LE'): verified 0 matches; Domain guess: 24 candidates tested (rithihomebakery.co.uk, rithihomebakery.uk, rithihomebakery.com, rithihomebakery.org.uk, rithihomebakery.org, therithihomebakery.co.uk), none resolve via DNS; Wayback CDX: No historical snapshots found for rithihomebakery.co.uk, rithihomebakery.uk, rithihomebakery.com; Social check: searched 'Rithi Home Bakery Bromley facebook', no profile found; Phone search: phone number absent, skipped"
"London","Bakeries","Raabs The Bakers","136 Essex road, London, N1 8LX","+44 20 7226 2830","No website found (social only, bio unread)","medium","OpenStreetMap","https://www.openstreetmap.org/node/618594710","https://www.facebook.com/raabsthebakers/","No website found (social only, bio unread: Bio unreadable across variants (www.facebook.com/raabsthebakers/ -> HTTP 400; www.facebook.com/raabsthebakers/about/ -> HTTP 400; mbasic.facebook.com/raabsthebakers/ -> HTTP 400; mbasic.facebook.com/raabsthebakers/about/ -> HTTP 400; m.facebook.com/raabsthebakers/ -> HTTP 400)); Trail: Source record: no website tag in source database; Web search top-10: 3 non-directory results inspected, no match; Domain guess: 24 candidates tested (raabsthebakers.co.uk, raabsthebakers.uk, raabsthebakers.com, raabsthebakers.org.uk, raabsthebakers.org, theraabsthebakers.co.uk), none resolve via DNS; Wayback CDX: No historical snapshots found for raabsthebakers.co.uk, raabsthebakers.uk, raabsthebakers.com; Social check: profile saved (https://www.facebook.com/raabsthebakers/); Bio unreadable across variants (www.facebook.com/raabsthebakers/ -> HTTP 400; www.facebook.com/raabsthebakers/about/ -> HTTP 400; mbasic.facebook.com/raabsthebakers/ -> HTTP 400; mbasic.facebook.com/raabsthebakers/about/ -> HTTP 400; m.facebook.com/raabsthebakers/ -> HTTP 400); Phone search: 3 non-directory results tested, no business match"
"London","Bakeries","H&A Pattisserie Francaise","398 York Way, London, N7 9LW","","Confirmed no website","medium","OpenStreetMap","https://www.openstreetmap.org/node/631449196","","Source record: no website tag in source database; Web search top-10: 4 non-directory results inspected, no match; Web search query 2 ('h a pattisserie francaise N7 9LW'): verified 0 matches; Domain guess: 24 candidates tested (hapattisseriefrancaise.co.uk, hapattisseriefrancaise.uk, hapattisseriefrancaise.com, hapattisseriefrancaise.org.uk, hapattisseriefrancaise.org, thehapattisseriefrancaise.co.uk), none resolve via DNS; Wayback CDX: No historical snapshots found for hapattisseriefrancaise.co.uk, hapattisseriefrancaise.uk, hapattisseriefrancaise.com; Social check: searched 'H&A Pattisserie Francaise London facebook', no profile found; Phone search: phone number absent, skipped"
"London","Bakeries","Fresh Bake Bagel","228 Stoke Newington High Street, London, N16 7HU","","Confirmed no website","medium","OpenStreetMap","https://www.openstreetmap.org/node/639632231","https://www.instagram.com/freshbake_bagel_n16/","Source record: no website tag in source database; Web search top-10: 6 non-directory results inspected, no match; Web search query 2 ('fresh bake bagel N16 7HU'): verified 0 matches; Domain guess: 24 candidates tested (freshbakebagel.co.uk, freshbakebagel.uk, freshbakebagel.com, freshbakebagel.org.uk, freshbakebagel.org, thefreshbakebagel.co.uk), none resolve via DNS; Wayback CDX: No historical snapshots found for freshbakebagel.co.uk, freshbakebagel.uk, freshbakebagel.com; Social check: searched 'Fresh Bake Bagel London facebook', no profile found; Phone search: phone number absent, skipped"
"London","Bakeries","The Quarter Bakery","87 Hammersmith Road, London, W14 0QH","","No website found (social only, bio unread)","medium","OpenStreetMap","https://www.openstreetmap.org/node/1581911075","https://www.instagram.com/quarterbakeryolympiauk/","No website found (social only, bio unread: Bio unreadable across variants (www.instagram.com/quarterbakeryolympiauk/ -> HTTP 200 (login wall))); Trail: Source record: no website tag in source database; Web search top-10: 2 non-directory results inspected, no match; Web search query 2 ('the quarter bakery W14 0QH'): verified 0 matches; Domain guess: 24 candidates tested (thequarterbakery.co.uk, thequarterbakery.uk, thequarterbakery.com, thequarterbakery.org.uk, thequarterbakery.org, quarterbakery.co.uk), none resolve via DNS; Wayback CDX: No historical snapshots found for thequarterbakery.co.uk, thequarterbakery.uk, thequarterbakery.com; Social check: profile saved (https://www.instagram.com/quarterbakeryolympiauk/); Bio unreadable across variants (www.instagram.com/quarterbakeryolympiauk/ -> HTTP 200 (login wall)); Phone search: phone number absent, skipped"
"London","Bakeries","Kistruck's","74 George Lane, London","","Confirmed no website","medium","OpenStreetMap","https://www.openstreetmap.org/node/2091312825","","Source record: no website tag in source database; Web search top-10: 6 non-directory results inspected, no match; Web search query 2 ('kistruck s 74 George Lane'): verified 0 matches; Domain guess: 24 candidates tested (kistrucks.co.uk, kistrucks.uk, kistrucks.com, kistrucks.org.uk, kistrucks.org, thekistrucks.co.uk), none resolve via DNS; Wayback CDX: No historical snapshots found for kistrucks.co.uk, kistrucks.uk, kistrucks.com; Social check: searched 'Kistruck's London facebook', no profile found; Phone search: phone number absent, skipped"
"London","Bakeries","Boulagerie Joie de Vie","359 Ballards Lane, London, N12 8LJ","","Confirmed no website","medium","OpenStreetMap","https://www.openstreetmap.org/node/2341125364","","Source record: no website tag in source database; Web search top-10: 2 non-directory results inspected, no match; Web search query 2 ('boulagerie joie de vie N12 8LJ'): verified 0 matches; Domain guess: 24 candidates tested (boulageriejoiedevie.co.uk, boulageriejoiedevie.uk, boulageriejoiedevie.com, boulageriejoiedevie.org.uk, boulageriejoiedevie.org, theboulageriejoiedevie.co.uk), none resolve via DNS; Wayback CDX: No historical snapshots found for boulageriejoiedevie.co.uk, boulageriejoiedevie.uk, boulageriejoiedevie.com; Social check: searched 'Boulagerie Joie de Vie London facebook', no profile found; Phone search: phone number absent, skipped"
"London","Bakeries","Jesshops","98 Robert Street, London","","Confirmed no website","medium","OpenStreetMap","https://www.openstreetmap.org/node/2635266496","","Source record: no website tag in source database; Web search top-10: 10 non-directory results inspected, no match; Web search query 2 ('jesshops 98 Robert Street'): verified 0 matches; Domain guess: 1 domain(s) resolved [jesshops.co.uk]: jesshops.co.uk (DNS alive [IPv4], HTTP 404 - content not found, not bot-protected); Wayback CDX: No historical snapshots found for jesshops.co.uk, jesshops.uk, jesshops.com; Social check: searched 'Jesshops London facebook', no profile found; Phone search: phone number absent, skipped"
"London","Bakeries","Putney Bakery","381 Upper Richmond Road, London, SW15 5QJ","","No website found (social only, bio unread)","medium","OpenStreetMap","https://www.openstreetmap.org/node/2666974366","https://www.instagram.com/lockdownbakehouseputney/","No website found (social only, bio unread: Bio unreadable across variants (www.instagram.com/lockdownbakehouseputney/ -> HTTP 200 (login wall))); Trail: Source record: no website tag in source database; Web search top-10: 5 non-directory results inspected, no match; Web search query 2 ('putney bakery SW15 5QJ'): verified 0 matches; Domain guess: 24 candidates tested (putneybakery.co.uk, putneybakery.uk, putneybakery.com, putneybakery.org.uk, putneybakery.org, theputneybakery.co.uk), none resolve via DNS; Wayback CDX: No historical snapshots found for putneybakery.co.uk, putneybakery.uk, putneybakery.com; Social check: profile saved (https://www.instagram.com/lockdownbakehouseputney/); Bio unreadable across variants (www.instagram.com/lockdownbakehouseputney/ -> HTTP 200 (login wall)); Phone search: phone number absent, skipped"
"London","Bakeries","Erensoy Bakery","97 West Green Road, London","","No website found (social only, bio unread)","medium","OpenStreetMap","https://www.openstreetmap.org/node/3086685428","https://www.facebook.com/Erensoy-Bakery-679226922145360/","No website found (social only, bio unread: Bio unreadable across variants (www.facebook.com/Erensoy-Bakery-679226922145360/ -> HTTP 400; www.facebook.com/Erensoy-Bakery-679226922145360/about/ -> HTTP 400; mbasic.facebook.com/Erensoy-Bakery-679226922145360/ -> HTTP 400; mbasic.facebook.com/Erensoy-Bakery-679226922145360/about/ -> HTTP 400; m.facebook.com/Erensoy-Bakery-679226922145360/ -> HTTP 400)); Trail: Source record: no website tag in source database; Web search top-10: 5 non-directory results inspected, no match; Web search query 2 ('erensoy bakery 97 West Green Road'): verified 0 matches; Domain guess: 24 candidates tested (erensoybakery.co.uk, erensoybakery.uk, erensoybakery.com, erensoybakery.org.uk, erensoybakery.org, theerensoybakery.co.uk), none resolve via DNS; Wayback CDX: No historical snapshots found for erensoybakery.co.uk, erensoybakery.uk, erensoybakery.com; Social check: profile saved (https://www.facebook.com/Erensoy-Bakery-679226922145360/); Bio unreadable across variants (www.facebook.com/Erensoy-Bakery-679226922145360/ -> HTTP 400; www.facebook.com/Erensoy-Bakery-679226922145360/about/ -> HTTP 400; mbasic.facebook.com/Erensoy-Bakery-679226922145360/ -> HTTP 400; mbasic.facebook.com/Erensoy-Bakery-679226922145360/about/ -> HTTP 400; m.facebook.com/Erensoy-Bakery-679226922145360/ -> HTTP 400); Phone search: phone number absent, skipped"
"London","Bakeries","Ahmed's Bakers Delight","26 Stroudley Walk, London, E3 3EW","","Confirmed no website","medium","OpenStreetMap","https://www.openstreetmap.org/node/3574808275","","Source record: no website tag in source database; Web search top-10: 5 non-directory results inspected, no match; Web search query 2 ('ahmed s bakers delight E3 3EW'): verified 0 matches; Domain guess: 24 candidates tested (ahmedsbakersdelight.co.uk, ahmedsbakersdelight.uk, ahmedsbakersdelight.com, ahmedsbakersdelight.org.uk, ahmedsbakersdelight.org, theahmedsbakersdelight.co.uk), none resolve via DNS; Wayback CDX: No historical snapshots found for ahmedsbakersdelight.co.uk, ahmedsbakersdelight.uk, ahmedsbakersdelight.com; Social check: searched 'Ahmed's Bakers Delight London facebook', no profile found; Phone search: phone number absent, skipped"
"London","Bakeries","La Maritxu Soho - Basque Cheesecake","10 Kingly Street, London, W1B 5PJ","","No website found (social only, bio unread)","medium","OpenStreetMap","https://www.openstreetmap.org/node/3686803990","https://www.instagram.com/lamaritxulondon/","No website found (social only, bio unread: Bio unreadable across variants (www.instagram.com/lamaritxulondon/ -> HTTP 200 (login wall))); Trail: Source record: URL rejected by first-party verification (https://www.lamaritxucheesecake.co.uk/: Page at lamaritxucheesecake.co.uk did not satisfy token and verification criteria; first-party test: domain contains name token yes, path depth 0, homepage about business yes); Web search top-10: 5 non-directory results inspected, no match; Web search query 2 ('la maritxu soho basque cheesecake W1B 5PJ'): verified 0 matches; Domain guess: 24 candidates tested (lamaritxusohobasquecheesecake.co.uk, lamaritxusohobasquecheesecake.uk, lamaritxusohobasquecheesecake.com, lamaritxusohobasquecheesecake.org.uk, lamaritxusohobasquecheesecake.org, thelamaritxusohobasquecheesecake.co.uk), none resolve via DNS; Wayback CDX: No historical snapshots found for lamaritxusohobasquecheesecake.co.uk, lamaritxusohobasquecheesecake.uk, lamaritxusohobasquecheesecake.com; Social check: profile saved (https://www.instagram.com/lamaritxulondon/); Bio unreadable across variants (www.instagram.com/lamaritxulondon/ -> HTTP 200 (login wall)); Phone search: phone number absent, skipped"
"London","Bakeries","Tottenham Town Bakery","38 West Green Road, London, N15 5NP","+44 20 8800 1347","Confirmed no website","high","OpenStreetMap","https://www.openstreetmap.org/node/3750855798","","Source record: no website tag in source database; Web search top-10: 8 non-directory results inspected, no match; Domain guess: 24 candidates tested (tottenhamtownbakery.co.uk, tottenhamtownbakery.uk, tottenhamtownbakery.com, tottenhamtownbakery.org.uk, tottenhamtownbakery.org, thetottenhamtownbakery.co.uk), none resolve via DNS; Wayback CDX: No historical snapshots found for tottenhamtownbakery.co.uk, tottenhamtownbakery.uk, tottenhamtownbakery.com; Social check: searched 'Tottenham Town Bakery London facebook', no profile found; Phone search: 0 non-directory results tested, no business match"
"London","Bakeries","Damascene Bakery","264 Uxbridge Road, London, W12 7JA","+44 20 8743 2069","No website found (social only, bio unread)","medium","OpenStreetMap","https://www.openstreetmap.org/node/3781060734","https://www.facebook.com/people/Damascene-Bakery-معجنات-الشامي/100064467051322/","No website found (social only, bio unread: Bio unreadable across variants (www.facebook.com/people/Damascene-Bakery-%D9%85%D8%B9%D8%AC%D9%86%D8%A7%D8%AA-%D8%A7%D9%84%D8%B4%D8%A7%D9%85%D9%8A/100064467051322/ -> HTTP 400)); Trail: Source record: no website tag in source database; Web search top-10: 3 non-directory results inspected, no match; Domain guess: 24 candidates tested (damascenebakery.co.uk, damascenebakery.uk, damascenebakery.com, damascenebakery.org.uk, damascenebakery.org, thedamascenebakery.co.uk), none resolve via DNS; Wayback CDX: No historical snapshots found for damascenebakery.co.uk, damascenebakery.uk, damascenebakery.com; Social check: profile saved (https://www.facebook.com/people/Damascene-Bakery-معجنات-الشامي/100064467051322/); Bio unreadable across variants (www.facebook.com/people/Damascene-Bakery-%D9%85%D8%B9%D8%AC%D9%86%D8%A7%D8%AA-%D8%A7%D9%84%D8%B4%D8%A7%D9%85%D9%8A/100064467051322/ -> HTTP 400); Phone search: 0 non-directory results tested, no business match"
"London","Bakeries","Gurays the Crusty Loaf","158 Southampton Way, London, SE5 7EW","","No website found (social only, bio unread)","medium","OpenStreetMap","https://www.openstreetmap.org/node/3892264303","https://www.facebook.com/the-crusty-loaf-160633420618176/","No website found (social only, bio unread: Bio unreadable across variants (www.facebook.com/the-crusty-loaf-160633420618176/ -> HTTP 400; www.facebook.com/the-crusty-loaf-160633420618176/about/ -> HTTP 400; mbasic.facebook.com/the-crusty-loaf-160633420618176/ -> HTTP 400; mbasic.facebook.com/the-crusty-loaf-160633420618176/about/ -> HTTP 400; m.facebook.com/the-crusty-loaf-160633420618176/ -> HTTP 400)); Trail: Source record: URL rejected by first-party verification (http://www.thecrustyloaf.co.uk/: undefined); Web search top-10: 5 non-directory results inspected, no match; Web search query 2 ('gurays the crusty loaf SE5 7EW'): verified 0 matches; Domain guess: 24 candidates tested (guraysthecrustyloaf.co.uk, guraysthecrustyloaf.uk, guraysthecrustyloaf.com, guraysthecrustyloaf.org.uk, guraysthecrustyloaf.org, theguraysthecrustyloaf.co.uk), none resolve via DNS; Wayback CDX: No historical snapshots found for guraysthecrustyloaf.co.uk, guraysthecrustyloaf.uk, guraysthecrustyloaf.com; Social check: profile saved (https://www.facebook.com/the-crusty-loaf-160633420618176/); Bio unreadable across variants (www.facebook.com/the-crusty-loaf-160633420618176/ -> HTTP 400; www.facebook.com/the-crusty-loaf-160633420618176/about/ -> HTTP 400; mbasic.facebook.com/the-crusty-loaf-160633420618176/ -> HTTP 400; mbasic.facebook.com/the-crusty-loaf-160633420618176/about/ -> HTTP 400; m.facebook.com/the-crusty-loaf-160633420618176/ -> HTTP 400); Phone search: phone number absent, skipped"
"London","Bakeries","Fresh Nan Bakery","143 High Street, London","","Confirmed no website","medium","OpenStreetMap","https://www.openstreetmap.org/node/4243906331","","Source record: no website tag in source database; Web search top-10: 5 non-directory results inspected, no match; Web search query 2 ('fresh nan bakery 143 High Street'): verified 0 matches; Domain guess: 24 candidates tested (freshnanbakery.co.uk, freshnanbakery.uk, freshnanbakery.com, freshnanbakery.org.uk, freshnanbakery.org, thefreshnanbakery.co.uk), none resolve via DNS; Wayback CDX: No historical snapshots found for freshnanbakery.co.uk, freshnanbakery.uk, freshnanbakery.com; Social check: searched 'Fresh Nan Bakery London facebook', no profile found; Phone search: phone number absent, skipped"
"London","Bakeries","St Helens Bakery","61 St Helens Gardens, London","+44 20 8969 1671","Confirmed no website","high","OpenStreetMap","https://www.openstreetmap.org/node/4362182884","","Source record: no website tag in source database; Web search top-10: 7 non-directory results inspected, no match; Domain guess: 24 candidates tested (sthelensbakery.co.uk, sthelensbakery.uk, sthelensbakery.com, sthelensbakery.org.uk, sthelensbakery.org, thesthelensbakery.co.uk), none resolve via DNS; Wayback CDX: No historical snapshots found for sthelensbakery.co.uk, sthelensbakery.uk, sthelensbakery.com; Social check: searched 'St Helens Bakery London facebook', no profile found; Phone search: 0 non-directory results tested, no business match"